,Price,Sector,Company Name,Latest EPS,EPS Last Quarter,Last Annual EPS,Price to Earning Ratio,Expected Price to Earning,Expected Earning Growth,Price Earning Growth,Book Value,Expected Book Value,Price to Book Value,Expected Price to Book Value,Return on Equity,Expected Return on Equity,Equity to Asset Ratio,Return on Assets,Last Annual Dividend,Expected Dividend
0,70.01,COMMERCIAL BANKS,Allied Bank Ltd.,15.23,8.6,18.51,3.78,2.3,64.56,0.04,119.34,135.81,0.59,0.52,16.58,22.43,5.68,0.94,8.5,13.99
1,345.5,PHARMACEUTICALS,Abbott Laboratories (Pak) Ltd.,-8.17,-5.93,30.69,11.26,,-153.24,,167.94,159.59,2.06,2.16,17.56,-10.24,50.43,8.86,15.0,15.0
2,86.49,CEMENT,Attock Cement Pakistan Ltd.,11.03,3.34,8.16,10.6,7.84,35.17,0.22,133.47,139.77,0.65,0.62,6.41,7.89,44.57,2.86,3.5,6.0
3,34.0,SUGAR & ALLIED INDUSTRIES,Adam Sugar Mills Ltd.,2.51,-1.16,8.18,4.16,10.16,-59.09,-0.17,303.09,305.41,0.11,0.11,3.65,1.1,56.59,2.06,2.5,1.5
4,53.43,TEXTILE COMPOSITE,Artistic Denim Mills Ltd.,12.63,2.9,7.79,6.86,4.23,62.13,0.07,93.92,103.31,0.57,0.52,9.04,12.23,36.05,3.26,2.0,3.5
5,10.27,ENGINEERING,Agha Steel Industries Ltd,1.5,0.33,3.07,3.35,6.85,-51.14,-0.13,27.06,28.56,0.38,0.36,11.84,5.25,37.77,4.47,,
6,14.25,INSURANCE,Askari General Insurance Company. Ltd.,2.28,1.11,4.82,2.96,3.13,-5.39,-0.58,33.69,35.51,0.42,0.4,14.08,12.84,35.15,4.95,2.9,2.9
7,66.1,AUTOMOBILE PARTS & ACCESSORIES,Agriautos Industries Ltd.,-1.23,1.57,-1.23,,,-203.52,,124.36,123.13,0.53,0.54,-0.99,-1.0,70.32,-0.7,,
8,8.56,CHEMICAL,Agritech Ltd.,-4.87,-4.87,-7.53,,,-158.7,,25.66,6.18,0.33,1.39,-24.64,-315.21,14.71,-3.63,,
9,49.26,PHARMACEUTICALS,AGP Ltd.,1.59,0.43,5.1,9.66,15.49,-37.65,-0.41,36.1,38.03,1.36,1.3,13.97,8.36,79.69,11.13,2.0,2.0
10,5.49,SUGAR & ALLIED INDUSTRIES,Abdullah Shah Ghazi Sugar Mills Ltd.,,,,,,,,,,,,,,,,,
11,257.51,AUTOMOBILE ASSEMBLER,AL-Ghazi Tractors Ltd.,13.84,9.88,37.2,6.92,9.3,-25.59,-0.36,67.88,95.56,3.79,2.69,68.84,28.97,25.5,17.56,,
12,25.37,FERTILIZER,Arif Habib Corporation Ltd. Consolidated,8.37,4.3,18.33,1.38,3.03,-54.34,-0.06,85.88,92.88,0.3,0.27,22.76,9.01,66.09,15.04,3.0,4.0
13,29.76,INV. BANKS / INV. COS. / SECURITIES COS.,Arif Habib Ltd.,2.83,5.17,12.65,2.35,10.52,-77.63,-0.14,80.69,82.18,0.37,0.36,15.89,3.44,57.89,9.2,6.0,2.5
14,28.58,INSURANCE,Adamjee Insurance Company Ltd.,1.93,0.49,7.39,3.87,7.4,-47.77,-0.16,76.73,79.02,0.37,0.36,10.37,4.88,33.78,3.5,3.0,1.57
15,23.62,TECHNOLOGY & COMMUNICATION,Air Link Communication Ltd,1.96,0.26,4.17,5.66,9.04,-37.33,-0.24,30.73,32.72,0.77,0.72,14.0,7.99,62.33,8.73,1.0,1.0
16,15.59,COMMERCIAL BANKS,Askari Bank Ltd.,6.1,2.85,9.7,1.61,1.28,25.77,0.05,53.01,65.21,0.29,0.24,19.18,18.71,4.8,0.92,,
17,118.14,MISCELLANEOUS,AKD Hospitality Ltd.,,,,,,,,,,,,,,,,,
18,15.27,POWER GENERATION & DISTRIBUTION,Altern Energy Ltd.,-0.23,-0.09,18.21,0.84,,-101.68,,10.81,10.81,1.41,1.41,164.99,-2.84,95.11,156.92,18.5,4.7
19,6.41,TEXTILE COMPOSITE,Azgard Nine Ltd.,1.52,1.23,2.18,2.94,3.16,-7.03,-0.45,20.25,22.28,0.32,0.29,11.64,9.1,35.34,4.11,,
20,291.42,OIL & GAS MARKETING COMPANIES,Attock Petroleum Ltd.,100.15,21.09,100.15,2.91,2.91,5.26,0.55,363.46,463.61,0.8,0.63,27.56,21.6,41.89,11.54,27.5,28.95
21,12.03,TEXTILE SPINNING,Arctic Textile Mills Ltd.,,,,,,,,,,,,,,,,,
22,440.0,CHEMICAL,Archroma Pakistan Ltd.,26.47,8.25,55.25,7.96,12.47,-36.12,-0.35,108.78,115.33,4.04,3.82,49.98,30.6,30.43,15.21,45.0,45.0
23,10.3,FOOD & PERSONAL CARE PRODUCTS,Al Shaheer Corporation Ltd.,0.45,0.92,-0.8,,17.17,175.0,0.1,18.78,19.38,0.55,0.53,-3.88,3.1,60.93,-2.36,,
24,5.75,ENGINEERING,Aisha Steel Mills Ltd.,-3.48,-1.16,1.24,4.64,,-380.65,,12.86,9.38,0.45,0.61,8.17,-37.1,29.99,2.45,,
25,9.17,ENGINEERING,Aisha Steel Convertible Pref Shares,,,,,,,,,,,,,,,,,
26,19.89,ENGINEERING,Amreli Steels Ltd.,-2.28,-3.26,4.46,4.46,,-151.12,,52.34,50.06,0.38,0.4,8.69,-4.55,35.03,3.04,,
27,18.26,TEXTILE SPINNING,Asim Textile Mills Ltd.,-4.61,-3.92,2.16,8.45,,-384.57,,20.84,14.69,0.88,1.24,8.51,-41.83,30.99,2.64,,
28,234.55,AUTOMOBILE PARTS & ACCESSORIES,Atlas Battery Ltd.,62.86,16.85,62.86,3.73,3.73,-2.41,-1.55,207.11,269.97,1.13,0.87,30.35,23.28,36.43,11.06,32.5,32.5
29,36.25,INSURANCE,Atlas Insurance Ltd.,2.68,1.0,7.7,4.71,6.76,-30.39,-0.22,22.25,22.74,1.63,1.59,20.06,23.57,37.54,7.53,7.0,4.87
30,268.7,AUTOMOBILE ASSEMBLER,Atlas Honda Ltd.,12.91,12.91,40.33,6.66,5.2,28.04,0.19,183.58,204.49,1.46,1.31,21.97,25.25,32.53,7.14,24.0,30.73
31,254.54,REFINERY,Attock Refinery Ltd.,274.12,49.02,274.12,0.93,0.93,9.49,0.1,1029.61,1303.73,0.25,0.2,26.62,21.03,62.1,16.53,12.5,13.69
32,46.97,TECHNOLOGY & COMMUNICATION,Avanceon Ltd. Consolidated,2.92,1.09,5.47,8.59,8.04,6.76,1.19,37.42,43.26,1.26,1.09,17.78,13.5,55.52,9.87,,
33,38.47,COMMERCIAL BANKS,Bank Alfalah Ltd.,11.81,5.0,10.24,3.76,1.63,130.66,0.01,72.16,84.25,0.53,0.46,18.2,28.04,4.44,0.81,5.0,11.53
34,45.03,COMMERCIAL BANKS,Bank AL-Habib Ltd.,16.27,6.79,14.91,3.02,1.38,118.24,0.01,97.95,115.21,0.46,0.39,17.4,28.24,4.19,0.73,7.0,15.28
35,33.45,ENGINEERING,Bolan Casting Ltd.,-2.16,3.41,1.34,24.96,,-261.19,,17.65,15.49,1.9,2.16,6.7,-13.94,19.92,1.33,,
36,7.19,ENGINEERING,BECO Steel Ltd.(Formerly Ravi Textile),-2.14,-1.88,1.52,4.73,,-287.72,,27.98,27.0,0.26,0.27,5.67,-10.57,73.9,4.19,1.0,1.0
37,53.05,CHEMICAL,Berger Paints Pakistan Ltd.,9.78,3.93,8.22,6.45,5.42,18.98,0.29,114.36,119.38,0.46,0.44,8.61,8.19,39.42,3.39,4.0,4.76
38,9.91,GLASS & CERAMICS,Baluchistan Glass Ltd.,-0.94,-0.31,-1.03,,,-21.68,,3.9,2.65,2.54,3.74,-24.22,-47.36,36.34,-8.8,,
39,930.0,TEXTILE COMPOSITE,Bhanero Textile Mills Ltd.,468.11,161.68,919.38,1.01,1.99,-49.08,-0.04,3386.77,3818.48,0.27,0.24,29.64,12.26,59.86,17.74,71.5,36.4
40,61.69,CHEMICAL,Biafo Industries Ltd.,13.1,3.86,5.34,11.55,4.71,145.32,0.03,52.75,55.3,1.17,1.12,10.6,23.69,63.95,6.78,4.3,10.55
41,2.0,TEXTILE SPINNING,Bilal Fibres Ltd.(Defaulter),-0.32,-0.32,-3.94,,,67.51,,3.33,2.05,0.6,0.98,-118.31,-62.44,4.43,-5.24,,
42,17.49,COMMERCIAL BANKS,Bankislami Pakistan,4.6,2.98,4.0,4.37,1.9,130.0,0.01,27.08,33.98,0.65,0.51,16.78,27.07,5.43,0.91,1.0,2.3
43,13.99,FOOD & PERSONAL CARE PRODUCTS,Bunnys Ltd.,1.45,0.33,2.08,6.73,7.24,-7.05,-1.03,29.12,31.05,0.48,0.45,7.3,6.23,50.12,3.66,,
44,12.0,COMMERCIAL BANKS,The Bank of Khyber,1.53,0.68,0.41,29.27,3.92,646.34,0.01,15.31,18.37,0.78,0.65,2.77,16.66,4.76,0.13,,
45,3.97,COMMERCIAL BANKS,The Bank Of Punjab,1.05,0.68,3.31,1.2,1.89,-36.56,-0.05,418.72,420.82,0.01,0.01,16.65,0.5,4.39,0.73,,
46,165.62,CEMENT,Bestway Cement Ltd,19.94,0.41,17.17,9.65,8.31,16.13,0.51,108.13,109.49,1.53,1.51,16.85,18.21,45.53,7.67,16.0,21.0
47,18.04,INSURANCE,Century Insurance Company Ltd.,2.98,1.39,5.99,3.01,3.03,-0.5,-6.04,44.25,47.72,0.41,0.38,13.64,12.49,56.72,7.74,2.5,2.5
48,25.2,PAPER & BOARD,Century Paper & Board Mills Ltd.,2.25,0.41,5.51,4.57,11.2,-59.17,-0.19,32.27,34.52,0.78,0.73,18.09,6.52,42.46,7.68,,
49,56.91,SUGAR & ALLIED INDUSTRIES,Chashma Sugar Mills Ltd.,8.96,-11.46,1.52,37.44,4.76,685.96,0.01,407.84,419.79,0.14,0.14,0.39,2.85,44.64,0.17,,
50,129.18,CEMENT,Cherat Cement Company Ltd.,22.67,0.48,22.93,5.63,5.7,-1.13,-5.03,107.99,127.69,1.2,1.01,25.73,17.75,44.86,11.54,3.0,4.5
51,13.12,FOOD & PERSONAL CARE PRODUCTS,Clover Pakistan Ltd.,-2.29,-1.56,-3.52,,,34.94,,4.29,2.0,3.06,6.56,-69.69,-114.5,80.18,-55.88,,
52,5.13,TRANSPORT,Cordoba Logistics & Ventures Ltd.,0.43,0.16,-0.11,,11.93,490.91,0.02,7.06,7.49,0.73,0.68,-4.54,5.74,97.08,-4.41,,
53,3.04,REFINERY,Cnergyico Pk Ltd. (Byco Petroleum),-1.97,-0.97,0.9,3.38,,-391.85,,4.54,1.91,0.67,1.59,13.82,-137.28,22.01,3.04,,
54,"1,353.35",CHEMICAL,Colgate Palmolive (Pak) Ltd.,42.88,13.25,24.19,55.95,31.56,77.26,0.41,183.11,132.93,7.39,10.18,26.04,32.26,68.32,17.79,52.5,93.06
55,22.00,PHARMACEUTICALS,Citi Pharma Ltd.,2.88,0.55,2.78,7.91,7.64,3.6,2.12,21.15,24.03,1.04,0.92,13.57,11.99,57.98,7.87,,
56,12.73,TEXTILE COMPOSITE,Crescent Textile Mills Ltd.,5.61,0.54,13.47,0.95,2.27,-58.35,-0.04,110.17,115.36,0.12,0.11,12.43,4.86,48.58,6.04,1.0,1.0
57,25.44,ENGINEERING,Crescent Steel and Allied Proudcts Ltd.,2.28,3.29,4.72,5.39,11.16,-51.69,-0.22,76.7,78.98,0.33,0.32,6.01,2.89,72.21,4.34,,
58,1.89,INSURANCE,Crescent Star Insurance Ltd.,0.89,0.48,0.25,7.56,1.06,612.0,,11.13,12.91,0.17,0.15,2.43,13.79,75.62,1.84,,
59,2.02,TEXTILE SPINNING,Colony Textile Mills Ltd.,,,,,,,,,,,,,,,,,
60,1.30,TEXTILE SPINNING,Chakwal Spinning Mills Ltd.(Defaulter),,,,,,,,,,,,,,,,,
61,18.00,INV. BANKS / INV. COS. / SECURITIES COS.,Cyan Ltd.,1.7,0.98,-7.13,,5.29,147.69,0.04,20.01,23.41,0.9,0.77,-35.65,14.52,78.2,-27.88,,
62,111.15,INV. BANKS / INV. COS. / SECURITIES COS.,Dawood Hercules Corporation Ltd. Consolidated,3.68,-0.32,12.19,9.12,15.1,-39.62,-0.38,516.66,514.96,0.22,0.22,2.36,1.43,32.48,0.77,15.0,16.0
63,4.03,CEMENT,Dewan Cement Ltd.,-1.21,0.36,-1.45,,,16.55,,38.96,37.75,0.1,0.11,-3.58,-3.21,51.76,-1.85,,
64,4.83,INV. BANKS / INV. COS. / SECURITIES COS.,Dawood Equities Ltd.,-0.88,-0.3,0.35,13.8,,-351.43,,10.17,9.29,0.47,0.52,3.43,-9.47,75.05,2.58,,
65,16.26,AUTOMOBILE ASSEMBLER,Dewan Farooque Motors Ltd.,,,,,,,,,,,,,,,,,
66,2.29,TEXTILE SPINNING,Dewan Farooque Spinning Mills Ltd.,,,,,,,,,,,,,,,,,
67,43.42,CEMENT,D. G. Khan Cement Company Ltd.,-8.3,-13.12,6.78,6.4,,-222.42,,161.89,154.81,0.27,0.28,4.25,-5.36,51.2,2.18,1.0,1.0
68,10.29,CEMENT,Dandot Cement Company Ltd.(Defaulter),-0.76,-0.25,-1.32,,,23.23,,12.11,11.1,0.85,0.93,-22.88,-9.13,26.32,-6.02,,
69,23.46,CHEMICAL,Descon Oxychem Ltd.,8.0,0.57,2.69,8.72,2.93,197.4,0.01,16.44,18.49,1.43,1.27,19.96,43.26,60.41,12.06,2.0,5.95
70,2.10,TEXTILE SPINNING,D.S. Industries Ltd.,,,,,,,,,,,,,,,,,
71,4.50,ENGINEERING,Dost Steels Ltd.(Defaulter),-0.5,-0.17,-0.43,,,-55.04,,0.61,-0.06,7.38,-79.41,-55.82,1176.47,9.23,-5.15,,
72,1.86,SUGAR & ALLIED INDUSTRIES,Dewan Sugar Mills Ltd.(Defaulter),,,,,,,,,,,,,,,,,
73,140.00,CHEMICAL,Dynea Pakistan Ltd.,35.25,11.67,32.93,4.25,3.97,7.05,0.56,154.07,181.29,0.91,0.77,21.36,19.44,74.47,15.91,7.5,10.0
74,13.80,MISCELLANEOUS,Ecopack Ltd.,0.83,1.31,2.08,6.63,16.63,-60.1,-0.28,20.21,21.04,0.68,0.66,9.72,3.94,41.21,4.0,,
75,75.92,FERTILIZER,Engro Fertilizers Ltd.,6.04,1.91,11.54,6.58,6.28,4.68,1.34,29.51,27.46,2.57,2.76,36.09,43.99,30.55,11.03,13.5,14.13
76,86.46,INSURANCE,EFU General Insurance Ltd.,3.23,-1.3,10.03,8.62,13.38,-35.59,-0.38,94.51,94.53,0.91,0.91,10.25,6.83,34.55,3.54,10.0,6.44
77,195.41,INSURANCE,EFU Life Assurance Ltd.,8.44,3.46,16.92,11.55,11.58,-0.24,-48.97,59.94,61.86,3.26,3.16,26.65,27.29,3.56,0.95,15.0,14.96
78,240.14,FERTILIZER,Engro Corporation Ltd. Consolidated,18.35,10.28,42.23,5.69,6.54,-13.09,-0.5,408.21,415.36,0.59,0.58,10.11,8.84,32.1,3.25,34.0,42.0
79,39.31,CHEMICAL,Engro Polymer & Chemicals Ltd.,3.02,1.71,12.88,3.05,6.51,-53.11,-0.12,29.85,30.03,1.32,1.31,43.16,20.11,32.32,13.95,12.5,5.86
80,22.74,POWER GENERATION & DISTRIBUTION,Engro Powergen Qadirpur Ltd.,3.77,2.42,4.55,5.0,3.02,65.71,0.05,40.47,34.75,0.56,0.65,11.23,21.7,54.24,6.09,8.0,13.26
81,4.49,INV. BANKS / INV. COS. / SECURITIES COS.,Escorts Investment Bank Ltd.,-0.3,-0.13,-1.45,,,72.41,,4.74,4.34,0.95,1.03,-30.54,-9.22,139.86,-42.71,,
82,328.43,AUTOMOBILE PARTS & ACCESSORIES,Exide Pakistan Ltd.,72.87,72.87,97.13,3.38,1.13,200.09,0.01,656.52,917.99,0.5,0.36,14.79,31.75,50.07,7.41,10.0,30.01
83,22.30,COMMERCIAL BANKS,Faysal Bank Ltd.,4.96,2.84,7.4,3.01,2.25,34.05,0.07,49.65,50.19,0.45,0.44,16.03,19.77,6.52,1.05,7.0,9.38
84,28.90,FERTILIZER,Fatima Fertilizer Company Ltd.,2.44,0.37,6.73,4.29,5.92,-27.49,-0.22,52.97,55.31,0.55,0.52,13.21,8.82,48.05,6.35,3.5,2.54
85,11.31,CEMENT,Fauji Cement Company Ltd.,3.03,0.19,2.9,3.9,3.73,4.48,0.83,26.38,29.41,0.43,0.38,12.32,10.3,50.78,6.26,,
86,55.62,FOOD & PERSONAL CARE PRODUCTS,Frieslandcampina Engro Pakistan Ltd.,1.73,0.44,3.22,17.27,16.08,7.45,2.16,17.85,21.31,3.12,2.61,19.43,16.24,36.52,7.1,,
87,0.96,INV. BANKS / INV. COS. / SECURITIES COS.,First Capital Sec. Corp. Ltd.,-0.71,-0.24,0.29,3.31,,-426.44,,6.36,5.41,0.15,0.18,4.58,-17.49,43.42,1.99,,
88,1.74,INV. BANKS / INV. COS. / SECURITIES COS.,First Dawood Investment Bank Ltd.,,,,,,,,,,,,,,,,,
89,139.92,PHARMACEUTICALS,Ferozsons Laboratories Ltd.,5.14,0.56,11.83,11.83,20.42,-42.07,-0.49,143.27,147.23,0.98,0.95,8.16,4.65,68.33,5.57,5.0,5.0
90,13.74,FERTILIZER,Fauji Fertilizer Bin Qasim Ltd. Consolidated,-2.97,0.79,5.92,2.32,,-200.34,,36.46,30.52,0.38,0.45,17.58,-19.46,21.91,3.85,,
91,92.84,FERTILIZER,Fauji Fertilizer Company Ltd. Consolidated,15.97,9.48,26.52,3.5,2.91,20.44,0.14,105.6,122.93,0.88,0.76,27.76,25.98,37.07,10.29,12.13,14.61
92,6.44,FOOD & PERSONAL CARE PRODUCTS,Fauji Foods Ltd.,-0.06,0.01,-1.37,,,91.24,,4.17,4.05,1.54,1.59,-53.58,-2.96,28.47,-15.25,,
93,7.60,MODARABAS,First Habib Modarba Ltd.,2.34,0.49,1.9,4.0,3.25,23.16,0.14,20.32,21.43,0.37,0.35,9.61,10.92,23.17,2.23,1.0,1.23
94,5.83,CEMENT,Flying Cement Ltd.,0.33,0.13,1.33,4.38,13.25,-66.92,-0.2,17.38,17.82,0.34,0.33,7.7,2.47,59.38,4.58,,
95,91.25,TEXTILE WEAVING,Feroze1888 Mills Ltd.,22.46,3.23,8.53,10.7,4.06,163.31,0.02,79.37,90.59,1.15,1.01,11.39,24.79,48.05,5.47,4.27,11.24
96,3.55,INV. BANKS / INV. COS. / SECURITIES COS.,First National Equities Ltd.,-0.33,-0.15,0.69,5.14,,-147.83,,4.77,4.44,0.74,0.8,15.61,-7.43,59.32,9.26,,
97,3.65,MODARABAS,First Treet Mfg Modaraba,-0.2,0.03,-0.61,,,56.28,,4.75,4.48,0.77,0.81,-12.39,-5.95,37.75,-4.68,,
98,16.00,MODARABAS,Tri-Star Modarba 1st.,,,,,,,,,,,,,,,,,
99,4.60,MODARABAS,First UDL Modarba,-0.07,-0.05,2.16,2.13,,-103.24,,14.22,14.21,0.32,0.32,13.74,-0.49,90.91,12.49,1.9,1.9
100,37.91,AUTOMOBILE ASSEMBLER,Ghandara Automobiles Ltd. Consolidated,3.59,5.5,4.92,7.71,7.92,-2.71,-2.92,133.26,138.05,0.28,0.27,3.63,3.47,48.91,1.77,,
101,7.03,MISCELLANEOUS,Gammon Pakistan Ltd.,-0.16,0.11,-0.23,,,7.25,,28.09,27.88,0.25,0.25,-0.8,-0.77,75.75,-0.61,,
102,17.69,TEXTILE COMPOSITE,Gul Ahmed Textile Mills Ltd.,6.62,3.06,14.37,1.23,2.67,-53.93,-0.05,60.82,67.44,0.29,0.26,24.52,9.82,31.52,7.73,,
103,8.02,CHEMICAL,Ghani Chemical Industries Ltd.(G3 Technologies),0.89,0.36,1.7,4.72,6.76,-30.2,-0.22,11.66,12.85,0.69,0.62,14.89,9.24,56.66,8.44,,
104,5.78,GLASS & CERAMICS,Ghani Global Glass Ltd.,0.36,0.1,0.82,7.05,12.04,-41.46,-0.29,9.77,10.25,0.59,0.56,8.53,4.68,56.81,4.84,,
105,9.27,CHEMICAL,Ghani Global Holdings Ltd. Consolidated,0.86,0.35,2.05,4.52,8.08,-44.07,-0.18,24.08,25.23,0.38,0.37,7.88,4.55,60.24,4.75,,
106,25.56,GLASS & CERAMICS,Ghani Glass Ltd.,6.48,1.98,7.2,3.55,2.96,20.0,0.15,25.87,31.51,0.99,0.81,29.4,27.42,66.55,19.57,2.5,3.0
107,110.42,AUTOMOBILE ASSEMBLER,Ghandhara Industries Ltd.,6.12,3.64,17.1,6.46,13.53,-52.28,-0.26,151.82,159.98,0.73,0.69,11.4,5.1,36.23,4.13,,
108,73.97,PHARMACEUTICALS,Glaxosmithkline (Pak) Ltd.,-1.01,-2.36,7.73,9.57,,-126.13,,66.11,64.09,1.12,1.15,11.7,-3.15,59.23,6.93,,
109,115.46,FOOD & PERSONAL CARE PRODUCTS,Gillette Pakistan Ltd.,3.57,0.04,-0.7,,32.34,610.0,0.05,18.13,21.7,6.37,5.32,-2.43,16.45,37.33,-0.91,,
110,12.81,REAL ESTATE INVESTMENT TRUST,Globe Residency Reit,1.94,-1.14,,,23.77,,,13.38,15.32,3.45,3.01,,12.66,,,,
111,22.75,AUTOMOBILE PARTS & ACCESSORIES,Ghandhara Tyre & Rubber Co. Ltd.,-1.37,0.58,2.92,7.79,,-146.92,,31.53,31.57,0.72,0.72,9.26,-4.34,23.95,2.22,3.0,3.0
112,35.30,GLASS & CERAMICS,Ghani Value Glass Ltd.,3.96,0.3,9.77,3.61,6.69,-45.96,-0.15,28.44,31.56,1.24,1.12,36.23,16.73,66.86,24.22,4.0,2.16
113,15.99,CEMENT,Gharibwal Cement Ltd.,3.08,-1.11,3.38,4.73,5.19,-8.88,-0.58,42.18,44.35,0.38,0.36,8.04,6.94,64.31,5.17,1.0,1.0
114,142.48,PHARMACEUTICALS,Haleon Pakistan Ltd.(Formerly GSKCH Pak Ltd),2.67,0.08,2.78,51.25,26.68,92.09,0.29,60.16,65.5,2.37,2.18,4.62,8.15,46.76,2.16,,
115,4.85,OIL & GAS MARKETING COMPANIES,Hascol Petroleum Ltd.(Defaulter),-7.1,-7.1,-14.45,,,-96.54,,-61.23,-89.63,-0.08,-0.05,23.6,31.69,-139.97,-33.04,,
116,90.44,COMMERCIAL BANKS,Habib Bank Ltd.,18.89,8.46,21.04,4.3,2.39,79.56,0.03,201.64,227.3,0.45,0.4,12.16,16.62,5.83,0.71,6.75,12.12
117,120.75,AUTOMOBILE ASSEMBLER,Honda Atlas Cars (Pakistan) Ltd.,1.02,1.02,1.82,66.35,29.6,124.18,0.24,134.9,138.98,0.9,0.87,1.35,2.94,30.73,0.41,,
118,4.97,CLOSE - END MUTUAL FUND,HBL Growth Fund - (A),-0.01,0.17,-1.97,,,98.98,,24.97,24.95,0.2,0.2,-4.41,-0.08,97.13,-4.29,,
119,1.75,CLOSE - END MUTUAL FUND,HBL Investment Fund - (A),-0.07,-0.07,-1.26,,,77.78,,8.94,8.66,0.2,0.2,-6.6,-3.23,96.5,-6.37,,
120,188.89,AUTOMOBILE ASSEMBLER,HinoPak Motors Ltd.,-4.26,-4.26,0.65,290.6,,-2721.54,,207.84,190.8,0.91,0.99,0.31,-8.93,56.41,0.18,,
121,379.91,PHARMACEUTICALS,Highnoon Laboratories Ltd.,22.68,10.87,52.46,7.24,8.38,-13.53,-0.62,161.6,189.67,2.35,2.0,32.47,23.92,69.97,22.72,20.0,20.0
122,1.45,TEXTILE SPINNING,Hira Textile Mills Ltd.(Defaulter),-0.77,-0.77,-6.74,,,54.3,,0.81,-2.27,1.79,-0.64,-833.15,135.68,2.16,-17.96,,
123,36.23,COMMERCIAL BANKS,Habib Metropolitan Bank Ltd.,11.24,5.78,13.61,2.66,1.61,65.17,0.02,77.17,94.28,0.47,0.38,19.14,23.84,5.33,1.02,3.25,5.37
124,39.50,SUGAR & ALLIED INDUSTRIES,Habib Rice Products Ltd.,8.33,1.82,2.1,18.81,4.74,296.67,0.02,25.73,26.13,1.54,1.51,9.05,31.88,66.08,5.98,2.0,7.93
125,21.88,OIL & GAS MARKETING COMPANIES,Hi-Tech Lubricants Ltd,-0.67,-1.54,5.3,4.13,,-112.64,,28.63,28.44,0.76,0.77,17.81,-2.36,45.34,8.08,3.8,3.8
126,88.33,POWER GENERATION & DISTRIBUTION,The Hub Power Company Ltd. Consolidated,44.37,18.43,44.37,1.99,1.99,-22.05,-0.09,121.83,166.2,0.73,0.53,36.42,26.7,38.97,14.19,30.0,30.0
127,5.50,TECHNOLOGY & COMMUNICATION,Hum Network Ltd.,1.9,0.42,1.2,4.58,2.89,58.33,0.05,4.76,6.11,1.16,0.9,26.76,31.12,74.9,20.04,0.35,0.55
128,8.52,SUGAR & ALLIED INDUSTRIES,Haseeb Waqas Sugar Mills Ltd.(Defaulter),,,,,,,,,,,,,,,,,
129,32.50,PHARMACEUTICALS,IBL HealthCare Ltd.,4.33,0.56,4.24,7.67,7.51,2.12,3.54,27.29,30.6,1.19,1.06,16.26,14.15,63.6,10.34,1.0,1.02
130,1.10,INV. BANKS / INV. COS. / SECURITIES COS.,Invest Capital Investment Bank Ltd.,0.28,0.15,0.33,3.33,2.95,13.13,0.22,1.66,2.03,0.66,0.54,20.14,18.36,44.73,9.01,,
131,38.93,CHEMICAL,Ittehad Chemicals Ltd.,18.26,5.04,4.15,9.38,2.13,340.0,0.01,53.18,67.04,0.73,0.58,8.0,27.24,40.27,3.22,1.0,4.4
132,116.33,TEXTILE SPINNING,Indus Dyeing Manufacturing Co. Ltd.,12.45,-1.74,141.78,0.82,7.01,-88.29,-0.08,441.47,457.48,0.26,0.25,33.05,3.63,60.64,20.04,5.0,2.0
133,83.29,INSURANCE,IGI Holdings Ltd. Consolidated,14.08,11.13,18.58,4.48,2.96,51.56,0.06,381.66,401.48,0.22,0.21,5.52,7.01,58.34,3.22,5.5,8.34
134,8.65,INSURANCE,IGI Life Insurance Ltd,,,,,,,,,,,,,,,,,
135,45.16,TEXTILE COMPOSITE,Interloop Limited,14.39,4.28,13.23,3.41,3.14,8.77,0.36,31.26,41.3,1.44,1.09,41.28,34.84,31.09,12.83,4.0,5.0
136,12.78,SYNTHETIC & RAYON,Image Pakistan Ltd.,1.58,-0.14,1.52,8.41,8.09,3.95,2.05,15.6,17.18,0.82,0.74,9.53,9.2,73.71,7.02,,
137,895.00,AUTOMOBILE ASSEMBLER,Indus Motor Company Ltd.,122.96,48.61,201.04,4.45,7.28,-38.84,-0.19,700.41,766.03,1.28,1.17,29.26,16.05,25.24,7.39,93.75,71.8
138,87.77,ENGINEERING,International Industries Ltd. Consolidated,23.36,13.46,18.38,4.78,3.76,27.09,0.14,250.43,263.62,0.35,0.33,7.26,8.86,37.42,2.72,8.0,10.17
139,14.47,TEXTILE COMPOSITE,International Knitwear Ltd.,2.28,-1.51,2.28,6.35,6.35,121.64,0.05,16.42,17.04,0.88,0.85,15.35,13.38,34.59,5.31,0.75,1.66
140,650.00,FOOD & PERSONAL CARE PRODUCTS,Ismail Industries Ltd.,96.17,30.85,26.77,24.28,6.76,259.25,0.03,209.51,251.79,3.1,2.58,15.76,38.19,27.51,4.33,15.0,53.89
141,42.51,ENGINEERING,International Steels Ltd.,8.09,4.47,12.44,3.42,5.25,-34.97,-0.15,46.18,50.04,0.92,0.85,25.06,16.17,38.63,9.68,6.5,5.5
142,5.64,ENGINEERING,Ittefaq Iron Industries Ltd.,-0.65,1.05,1.62,3.48,,-140.12,,32.52,31.87,0.17,0.18,5.01,-2.04,49.09,2.46,,
143,374.00,SUGAR & ALLIED INDUSTRIES,J. D. W.  Sugar Mills Ltd.,25.58,5.59,66.09,5.66,10.97,-48.39,-0.23,275.52,295.43,1.36,1.27,23.37,11.54,36.36,8.5,27.5,25.0
144,93.78,INSURANCE,Jubilee Life Insurance Co. Ltd.,7.72,2.69,20.65,4.54,6.07,-25.23,-0.24,137.57,143.29,0.68,0.65,14.86,10.78,7.42,1.1,13.0,9.72
145,116.00,CABLE & ELECTRICAL GOODS,Johnson & Phillips (Pak) Ltd.,,,,,,,,,,,,,,,,,
146,5.70,COMMERCIAL BANKS,JS Bank Ltd.,1.16,0.5,0.74,7.7,2.46,213.51,0.01,17.5,19.82,0.33,0.29,4.48,11.71,3.49,0.16,,
147,12.33,INV. BANKS / INV. COS. / SECURITIES COS.,Jahangir Siddiqui & Company Ltd.,0.51,0.12,0.38,32.45,12.09,168.42,0.07,32.94,33.96,0.37,0.36,1.14,3.0,92.92,1.06,,
148,4.25,TEXTILE COMPOSITE,Jubilee Spinning and Weaving Mills Ltd.(Defaulter),,,,,,,,,,,,,,,,,
149,41.98,PROPERTY,Javedan Corporation Ltd.,17.7,6.1,3.95,10.63,2.37,348.1,0.01,58.42,58.2,0.72,0.72,7.78,30.41,58.19,4.53,4.0,17.92
150,26.68,POWER GENERATION & DISTRIBUTION,Kot Addu Power Company Ltd.,4.5,0.1,11.24,2.37,5.93,-59.96,-0.1,80.32,81.62,0.33,0.33,14.42,5.51,50.16,7.23,8.0,8.5
151,1.96,POWER GENERATION & DISTRIBUTION,K-Electric Ltd.,-1.12,0.31,0.31,6.32,,-461.29,,8.47,7.35,0.23,0.27,3.41,-15.24,23.6,0.8,,
152,392.85,TOBACCO,Khyber Tobacco Company Ltd.,195.49,84.71,54.69,7.18,1.51,376.6,,450.36,711.01,0.87,0.55,17.88,36.66,31.22,5.58,,
153,41.50,TEXTILE COMPOSITE,Kohinoor Mills Ltd.,39.31,12.29,18.24,2.28,1.06,115.52,0.01,125.89,160.89,0.33,0.26,15.46,24.43,35.58,5.5,2.0,4.31
154,169.24,CEMENT,Kohat Cement Company Ltd.,28.98,2.28,17.41,9.72,5.84,66.46,0.09,144.53,173.51,1.17,0.98,15.74,16.7,61.58,9.69,,
155,31.45,POWER GENERATION & DISTRIBUTION,Kohinoor Energy Ltd.,9.29,2.26,8.9,3.53,3.39,4.38,0.77,30.92,27.68,1.02,1.14,30.69,33.56,51.1,15.68,12.0,12.53
156,3.66,POWER GENERATION & DISTRIBUTION,Kohinoor Power Company Ltd.,-0.26,-0.05,-0.26,,,-7.69,,10.21,10.21,0.36,0.36,-2.52,-2.55,99.03,-2.49,,
157,11.81,TEXTILE SPINNING,Kohat Textile Mills Ltd.,4.09,2.77,14.05,0.84,2.89,-70.89,-0.04,175.59,179.68,0.07,0.07,8.06,2.28,49.7,4.01,,
158,7.39,TEXTILE COMPOSITE,Kohinoor Industries Ltd.,1.44,0.1,1.09,6.78,5.13,32.11,0.16,31.61,33.05,0.23,0.22,3.47,4.36,93.84,3.26,,
159,1.96,TEXTILE SPINNING,Kohinoor Spinning Mills Ltd.,,,,,,,,,,,,,,,,,
160,93.00,ENGINEERING,K.S.B. Pumps Company Ltd.,0.87,1.93,3.28,28.35,53.45,-46.95,-1.14,152.4,154.14,0.61,0.6,2.15,1.13,35.03,0.75,,
161,58.08,TEXTILE COMPOSITE,Kohinoor Textile Mills Ltd.,8.04,2.0,15.84,3.67,7.22,-49.24,-0.15,82.78,90.31,0.7,0.64,19.51,8.9,60.87,11.87,1.0,1.0
162,572.12,CHEMICAL,Lucky Core Industries Ltd. I.C.I Pakistan Consolid,190.15,-47.59,91.66,6.24,3.01,107.45,0.03,475.91,593.45,1.2,0.96,25.43,32.04,44.31,11.27,35.0,72.61
163,11.09,LEATHER & TANNERIES,Leather Up Ltd.,-0.31,-0.2,-2.41,,,82.85,,3.79,3.38,2.93,3.28,-63.64,-12.24,52.87,-33.64,,
164,6.64,AUTOMOBILE PARTS & ACCESSORIES,Loads Ltd.,0.1,-0.01,1.06,6.26,49.8,-87.42,-0.57,16.94,17.07,0.39,0.39,6.21,0.78,52.18,3.24,,
165,28.49,CHEMICAL,Lotte Chemical (Pak) Ltd.,1.88,0.2,6.68,4.26,7.58,-43.71,-0.17,15.2,15.58,1.87,1.83,43.97,24.13,53.11,23.35,6.0,3.38
166,15.52,POWER GENERATION & DISTRIBUTION,Lalpir Power Ltd.,5.78,3.09,7.13,2.18,1.34,62.13,0.02,46.65,52.54,0.33,0.3,15.28,22.0,77.14,11.79,3.5,15.0
167,4.00,TECHNOLOGY & COMMUNICATION,LSE Proptech Ltd.,,,,,,,,,,,,,,,,,
168,564.34,CEMENT,Lucky Cement Ltd. Consolidated,155.59,37.7,91.22,6.19,3.63,70.57,0.05,796.53,952.12,0.71,0.59,14.77,16.34,39.66,5.86,,
169,17.10,MISCELLANEOUS,MACPAC Films Ltd.,6.39,1.27,3.11,5.5,2.68,105.47,0.03,26.59,30.93,0.64,0.55,11.69,20.66,38.96,4.55,1.0,2.05
170,"1,560.10",OIL & GAS EXPLORATION COMPANIES,Mari Petroleum Company Ltd.,420.75,118.72,420.75,3.71,3.71,-4.29,-0.86,1262.54,1683.29,1.24,0.93,33.33,25.0,66.15,22.05,147.0,147.0
171,129.35,COMMERCIAL BANKS,MCB Bank Ltd.,22.52,11.5,27.63,4.68,2.87,63.01,0.05,171.23,183.67,0.76,0.7,17.28,24.52,9.09,1.57,20.0,32.6
172,1.32,TECHNOLOGY & COMMUNICATION,Media Times Ltd.,-0.62,-0.24,0.1,13.2,,-926.67,,-5.46,-6.29,-0.24,-0.21,-1.81,13.15,-225.76,4.08,,
173,114.61,COMMERCIAL BANKS,Meezan Bank Ltd.,18.21,9.59,25.15,4.56,3.15,44.81,0.07,76.31,103.32,1.5,1.11,39.03,35.25,4.47,1.75,6.5,9.41
174,560.00,TEXTILE COMPOSITE,Mehmood Textile Mills Ltd.,4.23,-1.65,169.5,3.3,99.29,-96.67,-1.03,690.79,696.1,0.81,0.8,25.12,0.81,31.79,7.99,10.0,10.0
175,8.00,PAPER & BOARD,Merit Packaging Ltd.,-0.68,-0.22,-0.84,,,19.05,,9.28,8.6,0.86,0.93,-9.11,-7.91,33.32,-3.04,,
176,5.65,MISCELLANEOUS,MetaTech Trading Ltd. (Formerly MetaTech Health),-9.58,-1.82,0.05,113.0,,-25646.67,,10.01,-2.76,0.56,-2.04,0.46,462.24,41.25,0.19,,
177,78.65,FOOD & PERSONAL CARE PRODUCTS,Mitchells Fruit Farms Ltd.,-1.1,1.42,-27.19,,,94.61,,4.58,3.11,17.17,25.26,-306.49,-47.11,12.36,-37.88,,
178,29.98,FOOD & PERSONAL CARE PRODUCTS,Matco Foods Ltd. Consolidated,4.57,1.11,3.67,8.17,6.56,24.52,0.27,60.28,64.85,0.5,0.46,6.3,7.05,41.57,2.62,,
179,38.00,SUGAR & ALLIED INDUSTRIES,Mirpurkhas Sugar Mills Ltd.,13.43,-0.17,13.12,2.9,2.12,36.48,0.06,238.73,256.64,0.16,0.15,6.54,6.98,30.43,1.99,,
180,29.94,CEMENT,Maple Leaf Cement Factory Ltd. Consolidated,5.38,-0.38,4.15,7.21,5.57,29.64,0.19,44.64,50.02,0.67,0.6,10.77,10.76,51.28,5.52,,
181,3.50,MODARABAS,Modaraba Al - Mali,-0.16,0.35,0.48,7.29,,-144.44,,14.48,14.27,0.24,0.25,3.4,-1.5,84.98,2.89,,
182,43.10,SUGAR & ALLIED INDUSTRIES,Mehran Sugar Mills Ltd.,13.96,8.66,4.25,10.14,2.32,337.96,0.01,44.81,60.14,0.96,0.72,10.52,30.95,41.69,4.39,0.75,4.5
183,41.75,TEXTILE COMPOSITE,Masood Textile Mills Ltd.,27.21,9.84,33.72,1.24,1.15,7.59,0.15,199.96,236.24,0.21,0.18,16.86,15.36,27.86,4.7,,
184,418.09,AUTOMOBILE ASSEMBLER,Millat Tractors Ltd. Consolidated,18.53,6.68,50.47,8.28,22.56,-63.29,-0.36,43.13,37.8,9.69,11.06,64.8,49.03,37.45,24.27,65.0,25.0
185,49.86,ENGINEERING,Mughal Iron & Steels Ind. Ltd.,10.37,2.48,16.12,3.09,4.81,-35.67,-0.13,64.71,73.15,0.77,0.68,25.96,14.18,39.27,10.19,3.0,3.2
186,250.00,FOOD & PERSONAL CARE PRODUCTS,Murree Brewery Company Ltd.,46.04,10.88,46.04,5.43,5.43,1.82,2.98,482.0,528.04,0.52,0.47,9.55,8.72,80.08,7.65,10.0,10.18
187,109.47,FOOD & PERSONAL CARE PRODUCTS,National Foods Ltd.,9.39,1.22,8.43,12.99,11.66,11.39,1.02,29.07,32.89,3.77,3.33,30.19,28.55,34.51,10.42,5.0,5.57
188,23.02,COMMERCIAL BANKS,National Bank Of Pakistan,12.23,7.21,14.29,1.61,0.94,71.17,0.01,152.1,176.56,0.15,0.13,10.11,13.85,5.74,0.58,,
189,20.49,TEXTILE COMPOSITE,Nishat (Chunian) Ltd.,-4.16,1.87,31.09,0.66,,-113.38,,84.34,81.13,0.24,0.25,30.43,-5.13,41.29,12.57,7.08,7.08
190,22.36,POWER GENERATION & DISTRIBUTION,Nishat Chunian Power Ltd.,10.77,3.33,10.77,2.08,2.08,-7.89,-0.26,66.05,76.82,0.34,0.29,16.31,14.02,87.31,14.24,,
191,"7,100.00",FOOD & PERSONAL CARE PRODUCTS,Nestle Pakistan Ltd.,242.25,117.4,331.86,21.39,14.65,46.0,0.32,252.04,247.46,28.17,28.69,260.82,195.79,8.37,21.83,335.0,489.08
192,78.01,TECHNOLOGY & COMMUNICATION,Netsol Technology Ltd.,14.31,-1.64,10.17,7.67,5.45,40.71,0.13,89.36,103.67,0.87,0.75,11.67,13.8,73.83,8.61,,
193,4.25,INV. BANKS / INV. COS. / SECURITIES COS.,Next Capital Ltd.,-1.05,-0.14,0.54,7.87,,-359.26,,8.78,7.38,0.48,0.58,5.86,-18.97,45.65,2.68,,
194,107.33,CHEMICAL,Nimir Industrial Chemicals Ltd.,16.62,6.77,14.43,7.44,6.46,15.18,0.43,64.22,77.96,1.67,1.38,25.82,21.32,20.51,5.3,2.5,2.88
195,60.02,TEXTILE COMPOSITE,Nishat Mills Ltd. Consolidated,32.12,-0.35,28.15,2.13,1.87,14.1,0.13,386.83,414.39,0.16,0.14,8.2,7.75,68.6,5.63,4.0,5.0
196,24.98,POWER GENERATION & DISTRIBUTION,Nishat Power Ltd.,11.55,3.43,9.38,2.66,2.16,23.13,0.09,80.96,86.97,0.31,0.29,11.83,13.28,84.19,9.96,4.5,7.0
197,218.32,REFINERY,National Refinery Ltd.,-55.81,19.52,113.54,1.92,,-149.15,,407.62,359.18,0.54,0.61,22.8,-15.54,38.77,8.84,15.0,15.0
198,15.25,CHEMICAL,Nimir Resins Ltd.,2.73,1.1,2.6,5.87,5.59,5.0,1.12,21.19,23.92,0.72,0.64,15.08,11.41,40.79,6.15,,
199,5.78,OIL & GAS MARKETING COMPANIES,Oilboy Energy Ltd.,-0.18,-0.1,-3.78,,,93.65,,4.01,3.77,1.44,1.53,128.73,-6.37,-419.01,-539.38,,
200,37.72,TECHNOLOGY & COMMUNICATION,Octopus Digital Limited,1.55,1.55,2.58,14.62,6.08,140.31,0.04,14.55,20.75,2.59,1.82,19.8,29.88,96.23,19.06,,
201,96.46,OIL & GAS EXPLORATION COMPANIES,Oil & Gas Development Company Ltd.,52.23,15.11,31.11,3.1,1.85,67.89,0.03,234.35,274.41,0.41,0.35,15.28,19.03,77.47,11.84,7.25,12.17
202,20.70,LEASING COMPANIES,OLP Financial Services Pakistan Ltd.,6.81,1.4,4.87,4.25,3.04,39.84,0.08,52.89,54.11,0.39,0.38,9.59,12.59,29.98,2.87,4.0,5.59
203,12.88,MODARABAS,OLP Modaraba,2.84,1.04,2.46,5.24,4.54,15.45,0.29,24.89,25.42,0.52,0.51,9.8,11.17,16.98,1.66,2.0,2.31
204,21.49,TEXTILE SPINNING,Olympia  Mills Ltd.,,,,,,,,,,,,,,,,,
205,6.50,MODARABAS,Orient Rental Modaraba,2.5,0.78,2.27,2.86,2.6,10.13,0.26,15.93,18.43,0.41,0.35,15.96,13.56,51.94,8.29,,
206,79.43,PHARMACEUTICALS,Otsuka Pakistan Ltd.,-0.6,5.03,-0.6,,,-1151.11,,57.65,57.05,1.38,1.39,-1.03,-1.05,30.47,-0.31,1.5,1.5
207,49.50,MISCELLANEOUS,Pakistan Aluminium Beverage Cans Ltd.,7.52,3.8,7.48,6.62,3.29,101.07,0.03,26.57,41.61,1.86,1.19,39.27,36.15,44.81,17.6,,
208,1.85,PROPERTY,Pace Pakistan Ltd.,-5.34,-3.83,-2.22,,,-220.72,,-5.38,-12.5,-0.34,-0.15,4967.78,56.96,-0.18,-9.02,,
209,9.94,CABLE & ELECTRICAL GOODS,Pak Elektron Ltd.,0.62,0.58,1.25,7.95,8.02,-0.8,-10.02,46.12,47.36,0.22,0.21,2.74,2.62,57.79,1.58,,
210,76.99,TECHNOLOGY & COMMUNICATION,Pak Datacom Ltd.,24.44,7.07,19.5,3.95,3.15,25.33,0.12,101.84,118.76,0.76,0.65,21.56,20.58,56.6,12.2,6.0,9.0
211,13.50,LEATHER & TANNERIES,Pak Leather Crafts Ltd.,-1.29,-1.47,-0.85,,,-102.35,,-60.0,-61.72,-0.23,-0.22,1.43,2.79,-167.45,-2.4,,
212,89.15,CHEMICAL,Pakistan Oxygen Ltd.,0.46,0.01,5.74,15.53,96.9,-83.97,-1.15,106.01,106.93,0.84,0.83,5.41,0.86,44.54,2.41,,
213,5.96,INSURANCE,Pakistan Reinsurance Co. Ltd.,1.39,0.67,2.92,2.04,2.14,-4.79,-0.45,16.19,18.26,0.37,0.33,18.33,15.23,22.43,4.11,0.75,0.75
214,0.68,INV. BANKS / INV. COS. / SECURITIES COS.,Pervez Ahmed Consultansy Services Ltd.(Defaulter),-0.01,-0.01,-0.04,,,66.67,,-3.01,-3.02,-0.23,-0.22,1.48,0.44,-613.32,-9.1,,
215,85.29,CABLE & ELECTRICAL GOODS,Pakistan Cables Ltd.,14.62,4.1,16.72,5.1,5.83,-12.56,-0.46,218.52,225.27,0.39,0.38,9.19,6.49,46.2,4.25,9.0,9.0
216,5.35,LEASING COMPANIES,Pak Gulf  Leasing  Co. Ltd.,1.14,-0.01,2.97,1.8,4.69,-61.62,-0.08,18.57,19.33,0.29,0.28,16.55,5.9,30.6,5.06,1.0,3.5
217,257.04,MISCELLANEOUS,Pakistan Hotels Developers Ltd.,2.45,-0.08,2.66,96.63,104.91,-7.89,-13.29,542.61,541.38,0.47,0.47,0.49,0.45,96.25,0.47,4.0,3.68
218,5.30,TRANSPORT,Pakistan International Airlines Corp. Ltd.,-11.77,-4.51,-16.82,,,-39.95,,-112.29,-135.83,-0.05,-0.04,14.98,17.33,-379.21,-56.79,,
219,3.86,TRANSPORT,Pakistan International Bulk Terminal Ltd.,-1.45,-1.32,-0.55,,,-251.52,,11.98,10.05,0.32,0.38,-4.63,-19.24,57.05,-2.64,,
220,80.40,TRANSPORT,Pakistan International Container Terminal Ltd.,13.9,3.98,25.01,3.21,2.89,11.16,0.26,29.78,34.13,2.7,2.36,125.93,81.46,26.08,32.85,21.1,23.45
221,0.86,INSURANCE,PICIC Insurance Ltd.(Defaulter),,,,,,,,,,,,,,,,,
222,85.10,CEMENT,Pioneer Cement Ltd.,11.5,-0.44,4.62,18.42,7.4,148.92,0.05,133.64,145.14,0.64,0.59,3.53,7.92,41.36,1.46,,
223,32.48,POWER GENERATION & DISTRIBUTION,Pakgen Power Ltd.,9.37,4.81,8.43,3.85,1.73,122.3,0.01,74.96,85.92,0.43,0.38,12.47,21.81,94.88,11.83,3.5,15.0
224,368.34,PAPER & BOARD,Packages Ltd. Consolidated,74.71,59.46,77.49,4.75,2.47,92.82,0.03,936.39,1032.78,0.39,0.36,10.38,14.47,38.67,4.02,27.5,53.03
225,1.69,MODARABAS,First Prudential Modaraba,0.28,0.13,0.22,7.68,4.53,69.7,0.06,5.23,5.31,0.32,0.32,4.34,7.02,78.95,3.42,0.17,0.29
226,159.12,TRANSPORT,Pakistan National Shipping Corp. Consolidated,227.12,45.72,42.78,3.72,0.7,430.9,,320.93,521.5,0.5,0.31,13.33,43.55,79.38,10.58,5.0,26.55
227,389.76,OIL & GAS EXPLORATION COMPANIES,Pakistan Oilfields Ltd.,128.42,20.66,128.42,3.04,3.04,11.88,0.26,238.46,366.88,1.63,1.06,53.85,35.0,42.56,22.92,80.0,89.51
228,101.41,VANASPATI & ALLIED INDUSTRIES,Punjab Oil Mills Ltd.,5.54,-8.96,10.4,9.75,18.31,-46.73,-0.39,428.07,432.54,0.24,0.23,2.43,1.28,59.27,1.44,2.0,1.5
229,4.05,CEMENT,Power Cement Ltd.,0.52,0.12,-0.42,,5.84,265.08,0.02,16.0,16.69,0.25,0.24,-2.57,4.15,37.21,-0.96,,
230,74.07,OIL & GAS EXPLORATION COMPANIES,Pakistan Petroleum Ltd.,35.99,5.91,19.68,3.76,2.06,82.88,0.02,188.92,221.25,0.39,0.33,12.31,16.27,69.59,8.57,2.0,3.66
231,50.99,PAPER & BOARD,Pakistan Paper Prouducts Ltd.,3.98,2.28,7.72,6.6,9.61,-31.26,-0.31,127.67,131.26,0.4,0.39,6.07,4.04,63.51,3.86,2.5,2.5
232,5.10,CHEMICAL,Pakistan PVC Ltd.(Defaulter),,,,,,,,,,,,,,,,,
233,14.95,FOOD & PERSONAL CARE PRODUCTS,At-Tahur Ltd.,5.71,0.44,3.94,3.79,2.62,44.92,0.06,16.86,22.57,0.89,0.66,24.5,25.3,64.67,15.84,,
234,360.26,TEXTILE SPINNING,Premium Textile Mills Ltd.,169.18,10.14,699.4,0.52,2.13,-75.81,-0.03,1457.09,1602.08,0.25,0.22,51.88,10.56,39.67,20.58,100.0,25.0
235,15.22,REFINERY,Pakistan Refinery Ltd.,2.9,-1.12,2.9,5.25,5.25,84.83,0.06,40.25,43.15,0.38,0.35,7.2,6.72,24.04,1.73,,
236,123.17,AUTOMOBILE ASSEMBLER,Pak Suzuki Motor Company Ltd.,-117.58,39.36,-77.0,,,-205.4,,122.65,-112.51,1.0,-1.09,-32.05,209.01,17.96,-5.76,,
237,122.74,OIL & GAS MARKETING COMPANIES,Pakistan State Oil Company Ltd. Consolidated,19.85,-5.2,194.35,0.63,6.18,-89.79,-0.07,501.05,519.88,0.24,0.24,40.13,3.82,23.52,9.44,10.0,7.5
238,7.89,INV. BANKS / INV. COS. / SECURITIES COS.,Pakistan Stock Exchange Ltd.,0.27,0.03,0.5,15.78,29.22,-46.0,-0.64,12.79,13.06,0.62,0.6,3.91,2.07,80.64,3.15,,
239,24.26,SYNTHETIC & RAYON,Pakistan Synthetic Ltd.,4.83,0.39,10.67,2.27,3.77,-39.64,-0.1,27.29,33.73,0.89,0.72,31.66,19.09,36.39,11.52,,
240,5.96,TECHNOLOGY & COMMUNICATION,Pakistan Telecommunication Co. Ltd.,1.37,0.3,1.78,3.35,2.18,53.93,0.04,21.19,23.93,0.28,0.25,8.38,11.45,35.41,2.97,,
241,21.92,AUTOMOBILE PARTS & ACCESSORIES,Panther Tyres Ltd.,2.58,1.98,2.58,8.5,8.5,-68.99,-0.12,39.54,42.12,0.55,0.52,6.51,6.13,37.02,2.41,2.0,2.0
242,10.00,TEXTILE COMPOSITE,Quetta Textile Mills Ltd.,-43.72,-18.34,2.57,3.89,,-2368.22,,376.61,318.32,0.03,0.03,0.68,-18.31,30.43,0.21,,
243,4.08,FOOD & PERSONAL CARE PRODUCTS,Quice Food Industries Ltd.,0.31,0.48,-0.24,,9.87,272.22,0.04,4.83,5.24,0.84,0.78,-4.98,7.88,42.3,-2.11,,
244,5.60,TEXTILE COMPOSITE,Redco Textiles Ltd.,,,,,,,,,,,,,,,,,
245,11.12,PAPER & BOARD,Roshan Packages Ltd.,0.87,0.32,1.87,5.95,9.59,-37.97,-0.25,51.46,52.62,0.22,0.21,3.65,2.2,63.41,2.32,,
246,18.85,SYNTHETIC & RAYON,Rupali Polyester Ltd.,-5.43,9.29,25.28,0.75,,-121.48,,209.16,204.8,0.09,0.09,11.04,-2.65,67.66,7.47,5.0,5.0
247,8.40,TEXTILE SPINNING,Saif Textile Mills Ltd.,-31.24,-11.12,10.68,0.79,,-490.01,,117.61,75.96,0.07,0.11,7.17,-54.84,28.34,2.03,,
248,700.00,PHARMACEUTICALS,Sanofi-Aventis Pakistan Ltd.,-54.16,-17.13,17.29,40.49,,-726.49,,521.49,413.17,1.34,1.69,3.32,-26.22,40.79,1.35,,
249,92.71,AUTOMOBILE ASSEMBLER,Sazgar Engineering  Works Ltd.,16.46,7.8,1.95,47.54,5.63,744.1,0.01,32.51,48.97,2.85,1.89,6.03,33.61,34.55,2.08,,
250,28.74,COMMERCIAL BANKS,Standard Chartered Bank Pakistan Ltd.,4.85,2.48,5.13,5.6,2.96,89.08,0.03,24.93,27.07,1.15,1.06,22.67,35.84,9.44,2.14,4.0,7.56
251,35.19,PHARMACEUTICALS,The Searl Company Ltd. Consolidated,0.8,-1.34,6.03,5.84,43.99,-86.73,-0.51,80.95,81.75,0.43,0.43,7.66,0.98,55.07,4.22,,
252,6.15,POWER GENERATION & DISTRIBUTION,Sitara Energy Ltd.,-5.37,-1.07,-8.11,,,11.71,,61.89,54.73,0.1,0.11,-12.56,-13.08,37.53,-4.71,,
253,104.53,PAPER & BOARD,Security Paper Ltd.,16.33,9.06,16.02,6.52,6.4,1.94,3.31,3.6,9.74,29.04,10.74,13.3,167.72,80.13,10.65,10.0,11.0
254,"1,120.24",TEXTILE COMPOSITE,Sapphire Fibers Ltd.,247.72,40.39,300.67,3.73,4.52,-17.61,-0.26,1158.65,1398.13,0.97,0.8,26.6,17.72,47.79,12.71,10.0,10.0
255,32.61,LEATHER & TANNERIES,Service Global Footwear Ltd.,2.1,0.88,1.67,19.53,7.76,151.5,0.05,31.28,26.68,1.04,1.22,5.55,15.74,42.91,2.38,3.5,8.8
256,5.12,POWER GENERATION & DISTRIBUTION,S.G. Power Ltd.,-0.05,-0.01,-0.04,,,-66.67,,0.53,0.46,9.66,11.05,-6.26,-14.39,76.7,-4.8,,
257,10.72,TEXTILE SPINNING,Shadab Textile Mills Ltd.,-4.61,-2.94,11.76,0.91,,-152.27,,89.39,83.5,0.12,0.13,12.43,-7.36,52.9,6.57,0.5,0.5
258,134.72,OIL & GAS MARKETING COMPANIES,Shell Pakistan Ltd.,16.54,38.79,-0.34,,4.07,9829.41,,45.95,-218.85,2.93,-0.62,-0.5,-15.12,14.35,-0.07,3.0,297.88
259,94.37,FOOD & PERSONAL CARE PRODUCTS,Shezan International Ltd.,4.01,-4.87,8.27,11.41,23.53,-51.51,-0.46,221.36,222.95,0.43,0.42,3.8,1.8,45.44,1.73,5.0,2.42
260,116.78,MISCELLANEOUS,Shifa International Hospitals Ltd.,18.24,8.41,11.07,10.55,4.8,119.69,0.04,152.65,176.97,0.77,0.66,8.25,13.74,50.85,4.19,,
261,63.56,SUGAR & ALLIED INDUSTRIES,Shahtaj Sugar Mills Ltd.,16.78,9.54,17.05,3.73,2.84,31.22,0.09,257.27,273.08,0.25,0.23,7.74,8.19,48.11,3.73,5.0,6.56
262,2.85,INSURANCE,Shaheen Insurance Co. Ltd.,0.86,0.51,0.89,3.2,1.66,93.26,0.02,13.04,14.76,0.22,0.19,7.29,11.65,59.15,4.31,,
263,199.50,SUGAR & ALLIED INDUSTRIES,Shahmurad Sugar Mills Ltd.,114.55,24.75,78.17,2.55,1.31,95.39,0.01,374.35,488.01,0.53,0.41,27.45,31.3,46.09,12.65,20.0,39.08
264,636.00,CABLE & ELECTRICAL GOODS,Siemens Pakistan Engineering Co. Ltd.,283.87,-23.5,203.81,3.12,1.68,85.71,0.02,872.02,1165.09,0.73,0.55,23.37,32.49,31.03,7.25,46.0,85.43
265,0.95,COMMERCIAL BANKS,SilkBank Ltd.,-0.72,-0.74,-0.72,,,103.7,,0.54,-0.18,1.76,-5.28,-134.96,400.0,1.82,-2.46,,
266,8.50,MODARABAS,Sindh Modaraba,2.9,0.77,1.47,5.78,2.93,97.28,0.03,37.51,38.04,0.23,0.22,4.03,7.62,97.71,3.94,1.2,2.37
267,230.00,CHEMICAL,Sitara Chemical Industries Ltd.,46.35,16.17,30.6,7.52,4.96,51.47,0.1,740.65,774.88,0.31,0.3,4.09,5.98,49.27,2.01,8.0,12.12
268,8.78,SUGAR & ALLIED INDUSTRIES,Sakrand Sugar Mills Ltd. (Defaulter),,,,,,,,,,,,,,,,,
269,2.00,LEASING COMPANIES,SME Leasing Ltd.,,,,,,,,,,,,,,,,,
270,1.89,COMMERCIAL BANKS,Summit Bank Ltd.,-0.26,0.09,-1.2,,,56.67,,-1.46,-1.98,-1.29,-0.95,17.94,26.26,-12.54,-2.25,,
271,37.42,SUGAR & ALLIED INDUSTRIES,Shakerganj Ltd. (Defaulter),1.69,3.18,-1.8,,11.07,287.78,0.04,84.07,87.45,0.45,0.43,-2.14,3.87,56.61,-1.21,,
272,21.44,TEXTILE SPINNING,Sana Industries Ltd.,-5.51,2.38,10.6,2.02,,-169.31,,23.85,18.24,0.9,1.18,21.44,-40.29,33.19,7.12,2.5,2.5
273,8.96,COMMERCIAL BANKS,Soneri Bank Ltd.,2.29,0.94,1.71,5.24,1.96,167.84,0.01,20.38,22.28,0.44,0.4,8.91,20.56,3.65,0.32,1.0,2.68
274,46.98,OIL & GAS MARKETING COMPANIES,Sui Northern Gas Pipelines Ltd.,16.34,1.46,16.34,2.88,2.88,21.42,0.13,62.52,78.86,0.75,0.6,26.15,20.72,3.29,0.86,4.0,4.86
275,11.55,MISCELLANEOUS,Synthetic Products Enterprises Ltd.,2.46,0.38,2.7,4.28,4.7,-8.89,-0.53,21.28,23.28,0.54,0.5,12.68,10.56,68.82,8.73,0.5,0.75
276,11.00,CHEMICAL,Sitara Peroxide Ltd.,-5.5,-1.51,-6.19,,,-18.47,,33.27,25.94,0.33,0.42,-15.98,-28.27,54.68,-8.74,,
277,17.47,POWER GENERATION & DISTRIBUTION,Saif Power Ltd.,-1.92,-1.66,5.05,3.46,,-176.04,,35.88,38.5,0.49,0.45,14.07,-9.97,43.29,6.09,8.5,1.29
278,330.00,LEATHER & TANNERIES,Service Industries Ltd.,16.89,10.59,7.54,43.77,9.77,348.01,0.03,154.75,166.13,2.13,1.99,4.87,20.33,18.07,0.88,5.0,22.4
279,9.19,OIL & GAS MARKETING COMPANIES,Sui Southern Gas Company Ltd.,-6.47,-4.2,2.22,4.14,,-488.59,,-24.37,-33.0,-0.38,-0.28,-8.82,26.14,-3.49,0.31,,
280,8.13,GLASS & CERAMICS,Shabbir Tiles & Ceramics Ltd.,0.16,0.38,2.08,3.91,50.81,-92.31,-0.55,11.02,11.12,0.74,0.73,17.5,1.44,37.59,6.58,0.75,0.75
281,85.00,TEXTILE WEAVING,Shahtaj Textile Mills Ltd.,15.84,5.38,31.06,2.74,5.37,-49.0,-0.11,180.32,189.53,0.47,0.45,16.99,8.36,35.73,6.07,13.0,6.63
282,5.76,MISCELLANEOUS,Siddiqsons Tin Plate Ltd.,0.01,-0.48,0.88,6.55,576.0,-98.86,-5.83,14.04,14.05,0.41,0.41,6.25,0.07,49.19,3.08,,
283,103.00,TEXTILE COMPOSITE,Suraj Cotton Mills Ltd.,-9.29,-4.89,62.89,1.64,,-114.77,,258.28,249.58,0.4,0.41,24.35,-3.72,55.46,13.5,4.0,1.0
284,3.67,TECHNOLOGY & COMMUNICATION,Symmetry Group Ltd.,,,,,,,,,,,,,,,,,
285,393.83,TECHNOLOGY & COMMUNICATION,Systems Ltd.,16.61,4.07,21.7,18.15,11.86,53.09,0.22,69.53,95.1,5.66,4.14,31.21,34.93,75.2,23.47,5.0,7.65
286,12.40,SUGAR & ALLIED INDUSTRIES,Tariq Corporation Ltd.(Hussein Sugar),4.73,4.57,-3.75,,1.97,268.18,0.01,51.41,57.72,0.24,0.21,-7.37,10.93,35.46,-2.61,,
287,6.70,TECHNOLOGY & COMMUNICATION,Telecard Ltd. Consolidated,0.91,0.38,1.23,5.45,5.52,-1.36,-4.08,12.35,13.56,0.54,0.49,10.18,8.95,60.23,6.13,,
288,78.52,GLASS & CERAMICS,Tariq Glass Industries Ltd.,14.63,1.9,24.05,3.26,5.37,-39.17,-0.14,78.07,91.48,1.01,0.86,31.64,15.99,56.9,18.0,2.0,6.0
289,226.08,AUTOMOBILE PARTS & ACCESSORIES,Thal Ltd.,33.95,13.62,52.54,4.3,6.66,-35.38,-0.19,351.67,380.77,0.64,0.59,15.63,8.92,72.41,11.32,7.5,8.0
290,14.07,CEMENT,Thatta Cement Company Ltd.,2.5,1.69,1.2,11.73,5.63,108.33,0.05,26.94,29.44,0.52,0.48,4.35,8.49,59.15,2.57,,
291,222.84,SUGAR & ALLIED INDUSTRIES,Thal Industries Corporation Ltd.,103.37,-6.01,118.61,1.88,1.62,16.2,0.1,510.29,644.05,0.44,0.35,24.35,21.4,46.59,11.34,3.5,4.07
292,20.04,FOOD & PERSONAL CARE PRODUCTS,The Organic Meat Company Ltd.,4.88,3.37,3.05,6.57,3.08,113.33,0.03,24.2,30.71,0.83,0.65,13.04,21.19,73.92,9.64,,
293,167.45,TEXTILE COMPOSITE,Towellers Ltd.,140.49,49.17,62.53,2.68,1.19,124.68,0.01,317.12,430.65,0.53,0.39,19.72,32.62,68.87,13.58,12.0,26.96
294,5.00,TECHNOLOGY & COMMUNICATION,TPL Corporation Ltd.,-3.23,-0.22,-2.28,,,-41.67,,20.94,17.71,0.24,0.28,-9.63,-18.24,52.34,-5.04,,
295,17.35,INSURANCE,TPL Insurance Ltd.,0.5,0.41,0.03,578.33,17.35,3233.33,0.01,11.03,12.03,1.57,1.44,0.25,8.31,35.91,0.09,,
296,12.24,PROPERTY,TPL Properties Ltd.,7.5,-0.57,8.63,1.42,1.63,-13.09,-0.12,26.67,34.17,0.46,0.36,46.38,21.95,84.0,38.96,,
297,7.94,TECHNOLOGY & COMMUNICATION,TPL Trakker Ltd,-0.23,-0.65,1.05,7.56,,-121.9,,12.99,12.76,0.61,0.62,8.97,-1.8,35.99,3.23,,
298,16.61,FOOD & PERSONAL CARE PRODUCTS,Treet Corporation Ltd. Consolidated,0.53,0.45,-1.75,,23.5,140.38,0.17,54.04,54.75,0.31,0.3,-3.24,1.29,38.18,-1.24,,
299,88.02,TECHNOLOGY & COMMUNICATION,TRG Pakistan Ltd.,10.45,-6.34,-9.13,,6.32,252.61,0.03,134.34,148.27,0.66,0.59,-10.47,9.4,826.48,-86.57,,
300,119.06,MISCELLANEOUS,Tri-Pack Films Ltd.,17.83,10.54,22.26,5.35,3.34,60.2,0.06,130.44,158.09,0.91,0.75,17.06,22.56,30.37,5.18,5.0,8.01
301,8.81,POWER GENERATION & DISTRIBUTION,Tri-Star Power Ltd.,0.31,0.01,0.4,22.03,21.31,3.33,6.39,12.5,12.91,0.7,0.68,3.2,3.2,92.96,2.98,,
302,10.10,MISCELLANEOUS,United Brands Ltd.,-1.07,-0.34,-0.71,,,-50.7,,-0.84,-1.91,-12.02,-5.29,621.21,56.02,-0.91,-5.67,,
303,143.60,COMMERCIAL BANKS,United Bank Ltd.,21.5,10.14,26.19,5.48,3.34,64.18,0.05,179.58,186.46,0.8,0.77,15.34,23.06,7.58,1.16,22.0,36.12
304,34.25,MISCELLANEOUS,United Distributors Pakistan Ltd.,-3.84,0.05,-9.99,,,48.75,,23.6,18.48,1.45,1.85,-25.33,-27.71,76.28,-19.32,,
305,9.60,INSURANCE,United Insurance Co. of Pakistan Ltd.,1.71,0.72,3.12,3.08,2.81,9.62,0.29,14.73,13.22,0.65,0.73,19.69,25.88,36.01,7.09,4.5,4.93
306,25.17,FOOD & PERSONAL CARE PRODUCTS,Unity Foods Ltd.,-0.69,-0.17,2.61,9.64,,-135.25,,17.03,16.11,1.48,1.56,23.26,-5.71,31.45,7.32,,
307,"20,550.00",FOOD & PERSONAL CARE PRODUCTS,Unilever Pakistan Foods Ltd.,814.68,287.78,1248.43,16.46,12.61,30.51,0.41,1179.62,2434.41,17.42,8.44,105.83,66.93,36.45,38.57,287.0,374.57
308,3.80,INSURANCE,Universal Insurance Company Ltd.,-0.24,-0.26,-2.22,,,78.38,,14.36,13.88,0.26,0.27,-15.21,-3.46,76.96,-11.71,,
309,157.99,CHEMICAL,Wah-Nobel Chemicals Ltd.,49.91,20.54,23.24,6.8,3.17,114.76,0.03,179.75,218.92,0.88,0.72,14.95,22.8,53.94,8.07,5.0,10.74
310,6.37,CABLE & ELECTRICAL GOODS,Waves Corporation Ltd. Consolidated,0.6,0.54,1.25,5.1,5.31,-4.0,-1.33,37.8,39.0,0.17,0.16,3.3,3.08,50.08,1.65,,
311,5.70,CABLE & ELECTRICAL GOODS,Wave Home Appliances Ltd. (Formerly Samin Textiles,0.27,0.23,0.14,40.71,10.56,285.71,0.04,26.57,27.11,0.21,0.21,0.52,1.99,43.53,0.22,,
312,1.14,TECHNOLOGY & COMMUNICATION,WorldCall Telecom Ltd.,-0.36,-0.19,-0.43,,,-67.44,,0.14,-0.58,8.14,-1.97,-85.17,124.14,11.38,-9.69,,
313,3.03,TEXTILE WEAVING,Yousuf Weaving Mills Ltd.,-0.09,-0.12,0.25,12.12,,-148.0,,3.6,3.48,0.84,0.87,7.3,-3.45,19.75,1.44,,
314,27.00,TEXTILE COMPOSITE,Zahidjee Textile Mills Ltd.,10.39,1.87,20.78,1.3,1.95,-33.33,-0.06,83.83,97.02,0.32,0.28,27.08,14.28,54.88,14.86,1.0,1.0
315,9.39,TEXTILE WEAVING,Zephyr Textile Ltd.,4.0,2.22,3.2,2.93,2.35,25.0,0.09,36.53,39.91,0.26,0.24,9.25,10.02,39.79,3.68,0.5,0.63
